boy,girl,
Liam,Emma,
Noah,Olivia,
William,Ava,
James,Isabella,
Oliver,Sophia,
Benjamin,Charlotte,
Elijah,Mia,
Lucas,Amelia,
Mason,Harper,
Logan,Evelyn,
Alexander,Abigail,
Ethan,Emily,
Jacob,Elizabeth,
Michael,Mila,
Daniel,Ella,
Henry,Avery,
Jackson,Sofia,
Sebastian,Camila,
Aiden,Aria,
Matthew,Scarlett,
Samuel,Victoria,
David,Madison,
Joseph,Luna,
Carter,Grace,
Owen,Chloe,
Wyatt,Penelope,
John,Layla,
Jack,Riley,
Luke,Zoey,
Jayden,Nora,
Dylan,Lily,
Grayson,Eleanor,
Levi,Hannah,
Isaac,Lillian,
Gabriel,Addison,
Julian,Aubrey,
Mateo,Ellie,
Anthony,Stella,
Jaxon,Natalie,
Lincoln,Zoe,
Joshua,Leah,
Christopher,Hazel,
Andrew,Violet,
Theodore,Aurora,
Caleb,Savannah,
Ryan,Audrey,
Asher,Brooklyn,
Nathan,Bella,
Thomas,Claire,
Leo,Skylar,
Isaiah,Lucy,
Charles,Paisley,
Josiah,Everly,
Hudson,Anna,
Christian,Caroline,
Hunter,Nova,
Connor,Genesis,
Eli,Emilia,
Ezra,Kennedy,
Aaron,Samantha,
Landon,Maya,
Adrian,Willow,
Jonathan,Kinsley,
Nolan,Naomi,
Jeremiah,Aaliyah,
Easton,Elena,
Elias,Sarah,
Colton,Ariana,
Cameron,Allison,
Carson,Gabriella,
Robert,Alice,
Angel,Madelyn,
Maverick,Cora,
Nicholas,Ruby,
Dominic,Eva,
Jaxson,Serenity,
Greyson,Autumn,
Adam,Adeline,
Ian,Hailey,
Austin,Gianna,
Santiago,Valentina,
Jordan,Isla,
Cooper,Eliana,
Brayden,Quinn,
Roman,Nevaeh,
Evan,Ivy,
Ezekiel,Sadie,
Xavier,Piper,
Jose,Lydia,
Jace,Alexa,
Jameson,Josephine,
Leonardo,Emery,
Bryson,Julia,
Axel,Delilah,
Everett,Arianna,
Parker,Vivian,
Kayden,Kaylee,
Miles,Sophie,
Sawyer,Brielle,
Jason,Madeline,
Abel,Adah,
Abraham,Adia,
Aden,Alexandra,
Alan,Alis,
Andi,Alyssa,
Ashton,Amber,
Ashley,Amey,
Avery,Amy,
Aidan,Anastasia,
Ayden,Angelina,
Barret,Ani,
Bart,Anya,
Beau,Ariel,
Bennett,Arya,
Berli,Ash,
Binky,Ashley,
Blake,Badra,
Bradley,Beatrice,
Bobby,Belinda,
Brad,Bency,
Brandon,Berey,
Bravo,Bery,
Brody,Bety,
Bron,Bitsy,
Bruce,Brianna,
Bryan,Brooke,
Bryce,Cadie,
Bucky,Cady,
Calvin,Caitlin,
Camden,Callie,
Carlo,Candy,
Carlos,Cappi,
Casey,Carla,
Cayle,Carny,
Chuck,Catherine,
Clark,Cecilia,
Clayton,Ceila,
Colin,Christina,
Cole,Clara,
Cosmo,Daisy,
Cyan,Dandy,
Dalas,Daniella,
Damian,Danya,
Danny,Deborah,
Darik,Deena,
Davin,Delcy,
Dawan,Della,
Dawson,Desha,
Dean,Dora,
Declan,Dorothy,
Deep,Eddey,
Dekle,Edolie,
Dennis,Elina,
Derby,Elise,
Duke,Eliza,
Edward,Eloise,
Elliot,Elyana,
Emmanuel,Elysha,
Emmett,Emmy,
Eric,Erica,
Fabian,Esther,
Faris,Ethlyn,
Farlay,Eve,
Farold,Faith,
Favian,Fanny,
Felix,Fauna,
Felman,Felicity,
Finch,Finley,
Finley,Fiona,
Fitz,Freya,
Floyd,Genevieve,
Frank,Gracie,
Fraze,Hadley,
Frederick,Hadly,
Gavin,Hanah,
George,Harmony,
Giovanni,Heavin,
Graham,Helene,
Grant,Holly,
Hagan,Ida,
Hamil,Iris,
Hardy,Isabelle,
Harrison,Jacey,
Hayden,Jade,
Healy,Jaena,
Hector,Jainy,
Ivaan,Jalin,
Ivan,Jasmine,
Jared,Jennifer,
Jasper,Jessica,
Jensen,Jocelyn,
Jeremy,Jordyn,
Jesse,Jovita,
Jesus,Joy,
Joel,Joyce,
Jonah,Kimberly,
Justin,Kylie,
Kabir,Lauren,
Kacy,Linda,
Kaiden,Lucinda,
Kevin,Mackenzie,
Kian,Maisie,
Kingston,Margaret,
Kirk,Maria,
Kody,Megan,
Lorenzo,Melanie,
Luis,Melody,
Maddox,Milly,
Malachi,Molly,
Marcus,Morgan,
Martin,Nicole,
Maxwell,Norah,
Maximus,Pagi,
Maxson,Paige,
Melvin,Pamela,
Miller,Payton,
Nathaniel,Phoebe,
Oscar,Poppy,
Patrick,Priscilla,
Pery,Queenie,
Preston,Rachel,
Prim,Reagan,
Richard,Reese,
Ryder,Rose,
Steven,Rosemary,
Timothy,Roxanne,
Tristan,Summer,
Tucker,Suzanne,
Tyler,Susan,
Victor,Sylvia,
Vincent,Tabitha,
Wesley,Taylor,
Weston,Teresa,
Zachary,Trinity,
Aibhne,Udeline,
Ailill,Unita,
Aindrea,Valerie,
Airell,Winnie,
Amergin,Ximena,
Ardal,Yvonne,
Artan,Afric,
Asthore,Aibhne,
Awnan,Aidan,
Banagher,Aideen,
Barry,Aileen,
Bary,Aindrea,
Bowie,Aine,
Boyd,Aislin,
Bradan,Aisling,
Brady,Aislinn,
Brawley,Aoibheann,
Brede,Aoife,
Brend,Ardara,
Brendan,Ashling,
Brendon,Asthore,
Brennan,Aven,
Brian,Bidelia,
Briley,Brady,
Brogan,Brede,
Bryant,Breeda,
Cael,Breena,
Caelan,Briana,
Cagney,Bridget,
Caine,Bridgit,
Cairbre,Bridie,
Callahan,Brighid,
Callan,Brigid,
Callen,Briley,
Caolan,Brogan,
Carey,Bryna,
Cargan,Cadhla,
Carlin,Cael,
Carlow,Caelan,
Carr,Cagney,
Carrigan,Cait,
Cashel,Caitlyn,
Cassidy,Callan,
Cathal,Callen,
Cavan,Caoimhe,
Ceallach,Carey,
Cian,Carlin,
Ciar,Carrigan,
Ciaran,Casey,
Cillian,Cassidy,
Clancy,Cathleen,
Colm,Cayleen,
Colum,Ceara,
Conan,Chevonne,
Conary,Cianna,
Conlan,Ciara,
Conleth,Clidhna,
Conley,Cliona,
Connell,Clodagh,
Conner,Conary,
Connery,Conleth,
Connley,Connery,
Conor,Corey,
Conway,Corrigan,
Corey,Cory,
Cormac,Darra,
Corrigan,Darren,
Cory,Deidra,
Crevan,Deirdra,
Cunningham,Deirdre,
Curran,Delma,
Curry,Derry,
Daire,Devan,
Darra,Devin,
Darrah,Dierdra,
Darren,Doreen,
Dempsey,Dublin,
Dermot,Duff,
Derry,Duffy,
Desmond,Dympna,
Devan,Ea,
Devin,Eadoin,
Devlin,Eavan,
Doherty,Eileen,
Dolan,Eilley,
Donagh,Eimear,
Donahue,Eire,
Donnan,Eithne,
Donnel,Elish,
Donnelly,Emer,
Donnigan,Ena,
Donovan,Ennis,
Dooley,Enya,
Doyle,Enye,
Duane,Erin,
Dublin,Errigal,
Duff,Fallon,
Duffy,Faylinn,
Dugan,Fiana,
Ea,Fidelma,
Eamon,Finna,
Edan,Finnegan,
Egan,Finola,
Eire,Fionnuala,
Enan,Fionnula,
Ennis,Flann,
Eoghan,Flannerry,
Eoin,Flannery,
Errigal,Flynn,
Fallon,Gael,
Faolan,Hennessy,
Farrell,Ide,
Fearghus,Innis,
Feoras,Isleen,
Fergal,Kaitlin,
Fiachra,Kaitlyn,
Findlay,Kassidy,
Fineen,Kathan,
Finn,Kathleen,
Finnegan,Keagan,
Finnian,Keaira,
Fionan,Keegan,
Fionn,Keelan,
Fitzgerald,Keelin,
Flan,Keelty,
Flann,Keely,
Flannerry,Keeran,
Flannery,Keeva,
Flynn,Kegan,
Fynn,Keir,
Gael,Keira,
Gallagher,Kella,
Galvin,Kellen,
Gannon,Kelley,
Garvey,Kelly,
Gavan,Kellyn,
Gilmore,Kelsea,
Gilroy,Kenadie,
Giolla,Kerra,
Grady,Kerri,
Grian,Kerry,
Hennessy,Kevine,
Heremon,Kiandra,
Herne,Kiara,
Hogan,Kieran,
Innis,Kieve,
Kael,Kiley,
Kane,Killian,
Kassidy,Kinley,
Kathan,Kiva,
Keagan,Kody,
Keefe,Laoghaire,
Keegan,Lennon,
Keelan,Lochlyn,
Keelin,Logan,
Keenan,Mab,
Keeran,Madden,
Kegan,Madigan,
Keir,Maeve,
Keiran,Maili,
Kellan,Maire,
Kellen,Mairead,
Kelley,Maura,
Kelly,Maureen,
Kenadie,Mave,
Kennan,McKinley,
Kennedy,Meabh,
Kerry,Meara,
Kieran,Melva,
Kiernan,Miach,
Kieve,Monahan,
Kiley,Monroe,
Killian,Morey,
Kinley,Morna,
Lennon,Morrigan,
Lorcan,Muireann,
Madden,Muirne,
Madigan,Muriel,
Magee,Murphy,
Mahon,Murron,
Malone,Myrna,
McKinley,Naomh,
Miach,Neely,
Micheal,Neve,
Monahan,Nevin,
Monroe,Nevina,
Morey,Niall,
Morrigan,Niamh,
Muireann,Nola,
Murphy,Noland,
Murron,Noreen,
Neal,Nuala,
Neely,Oona,
Neil,Oran,
Neilan,Orla,
Nevan,Orlaith,
Nevin,Ormanda,
Niall,Orra,
Noland,Ownah,
Nolen,Parlan,
Oisin,Pegeen,
Oistin,Peigi,
Oran,Phalen,
Ormond,Phiala,
Orrin,Pixie,
Ossian,Quillan,
Paddy,Quin,
Padraic,Quinlan,
Parlan,Rafferty,
Pauric,Reilly,
Quade,Renny,
Quillan,Rihanna,
Quin,Riona,
Quinlan,Roisin,
Quinn,Ronat,
Rafferty,Rory,
Raghnall,Rosaleen,
Reagan,Ryan,
Redmond,Ryane,
Reilly,Rylee,
Renny,Rylie,
Rian,Saoirse,
Riley,Saraid,
Riordan,Shane,
Ronan,Shannan,
Rory,Shannon,
RuaidhrÃ,Shay,
Ruaidhri,Shea,
Rylee,Sheehan,
Rylie,Sheila,
Saeran,Shelagh,
Seamus,Sheridan,
Shane,Shiela,
Shannan,Shoney,
Shannon,Sile,
Shay,Sinead,
Shea,Siobhan,
Sheridan,Siofra,
Shoney,Siusan,
Sionn,Slaine,
Slaine,Sonnagh,
Sloan,Sorcha,
Slone,Taisce,
Sonnagh,Tara,
Suibhne,Teagan,
Sullivan,Tierney,
Tadhg,Tieve,
Taisce,Tigernach,
Tarmon,Torrin,
Tavis,Tully,
Teagan,Tynan,
Teague,Tyran,
Teige,Uaine,
Tiergan,Una,
Tiernan,x,
Tierney,x,
Tigernach,x,
Torin,x,
Torrin,x,
Trory,x,
Tully,x,
Tynan,x,
Tyran,x,
Tyrone,x,
Uaine,x,
Verlin,x,
